<?xml version="1.0" encoding="UTF-8"?>
<project-private xmlns="http://www.netbeans.org/ns/project-private/1">
    <editor-bookmarks xmlns="http://www.netbeans.org/ns/editor-bookmarks/2" lastBookmarkId="0"/>
    <open-files xmlns="http://www.netbeans.org/ns/projectui-open-files/2">
        <group>
            <file>file:/C:/Users/HP/Downloads/ReservaSantander/src/BD_Facturas/conectMongo.java</file>
            <file>file:/C:/Users/HP/Downloads/ReservaSantander/src/Clases/disponibilidad.java</file>
            <file>file:/C:/Users/HP/Downloads/ReservaSantander/src/Clases/gestionHabitaciones.java</file>
            <file>file:/C:/Users/HP/Downloads/ReservaSantander/src/Clases/ReservaSantander.java</file>
            <file>file:/C:/Users/HP/Downloads/ReservaSantander/src/Interfaces_Recepcionista/Principal_Hotel.java</file>
            <file>file:/C:/Users/HP/Downloads/ReservaSantander/src/Interfaces_Recepcionista/Disponibilidad.java</file>
            <file>file:/C:/Users/HP/Downloads/ReservaSantander/src/BD_Facturas/conexionBD.java</file>
            <file>file:/C:/Users/HP/Downloads/ReservaSantander/src/Interfaces_Recepcionista/facturacion.java</file>
            <file>file:/C:/Users/HP/Downloads/ReservaSantander/src/Imagenes/HotelSantanderIcon.png</file>
        </group>
    </open-files>
</project-private>
