<?xml version="1.0" encoding="UTF-8"?>
<project-private xmlns="http://www.netbeans.org/ns/project-private/1">
    <editor-bookmarks xmlns="http://www.netbeans.org/ns/editor-bookmarks/2" lastBookmarkId="0"/>
    <open-files xmlns="http://www.netbeans.org/ns/projectui-open-files/2">
        <group>
            <file>file:/C:/Users/HP/Downloads/ReservaSantander-V9/ReservaSantander-V9/src/Interfaces_Recepcionista/Disponibilidad.java</file>
            <file>file:/C:/Users/HP/Downloads/ReservaSantander-V9/ReservaSantander-V9/src/BD_Facturas/crearPDFFactura.java</file>
            <file>file:/C:/Users/HP/Downloads/ReservaSantander-V9/ReservaSantander-V9/src/BD_Facturas/crearPDFProforma.java</file>
            <file>file:/C:/Users/HP/Downloads/ReservaSantander-V9/ReservaSantander-V9/src/Clases/agregarDatosProforma.java</file>
            <file>file:/C:/Users/HP/Downloads/ReservaSantander-V9/ReservaSantander-V9/src/Interfaces_Recepcionista/Login.java</file>
            <file>file:/C:/Users/HP/Downloads/ReservaSantander-V9/ReservaSantander-V9/src/Clases/agregarDatosFa.java</file>
        </group>
    </open-files>
</project-private>
