<?xml version="1.0" encoding="UTF-8"?>
<project-private xmlns="http://www.netbeans.org/ns/project-private/1">
    <editor-bookmarks xmlns="http://www.netbeans.org/ns/editor-bookmarks/2" lastBookmarkId="0"/>
    <open-files xmlns="http://www.netbeans.org/ns/projectui-open-files/2">
        <group>
            <file>file:/C:/Users/HP/OneDrive/Escritorio/ReservaSantander/src/Clases/disponibilidad.java</file>
            <file>file:/C:/Users/HP/OneDrive/Escritorio/ReservaSantander/manifest.mf</file>
            <file>file:/C:/Users/HP/OneDrive/Escritorio/ReservaSantander/src/Clases/agregarDatosFa.java</file>
            <file>file:/C:/Users/HP/OneDrive/Escritorio/ReservaSantander/build.xml</file>
            <file>file:/C:/Users/HP/OneDrive/Escritorio/ReservaSantander/src/Clases/gestionRecepcionistas.java</file>
            <file>file:/C:/Users/HP/OneDrive/Escritorio/ReservaSantander/src/Solarized%20Light.LICENSE.txt</file>
            <file>file:/C:/Users/HP/OneDrive/Escritorio/ReservaSantander/src/BD_Facturas/conectMongo.java</file>
            <file>file:/C:/Users/HP/OneDrive/Escritorio/ReservaSantander/src/Solarized%20Light.theme.json</file>
            <file>file:/C:/Users/HP/OneDrive/Escritorio/ReservaSantander/src/BD_Facturas/conexionBD.java</file>
            <file>file:/C:/Users/HP/OneDrive/Escritorio/ReservaSantander/src/BD_Facturas/crearPDF.java</file>
            <file>file:/C:/Users/HP/OneDrive/Escritorio/ReservaSantander/src/Interfaces_Recepcionista/Principal_Hotel.java</file>
            <file>file:/C:/Users/HP/OneDrive/Escritorio/ReservaSantander/src/Interfaces_Recepcionista/Login.java</file>
            <file>file:/C:/Users/HP/OneDrive/Escritorio/ReservaSantander/src/Interfaces_Admin/GestionAdmin.java</file>
            <file>file:/C:/Users/HP/OneDrive/Escritorio/ReservaSantander/ReservaSantander.iml</file>
            <file>file:/C:/Users/HP/OneDrive/Escritorio/ReservaSantander/src/Clases/ReservaSantander.java</file>
            <file>file:/C:/Users/HP/OneDrive/Escritorio/ReservaSantander/src/Interfaces_Recepcionista/Disponibilidad.java</file>
            <file>file:/C:/Users/HP/OneDrive/Escritorio/ReservaSantander/src/Clases/gestionHabitaciones.java</file>
        </group>
    </open-files>
</project-private>
