<?xml version="1.0" encoding="UTF-8"?>
<project-private xmlns="http://www.netbeans.org/ns/project-private/1">
    <editor-bookmarks xmlns="http://www.netbeans.org/ns/editor-bookmarks/2" lastBookmarkId="0"/>
    <open-files xmlns="http://www.netbeans.org/ns/projectui-open-files/2">
        <group>
            <file>file:/C:/Users/HP/OneDrive/Escritorio/ReservaSantander-V3/src/Clases/agregarDatosFa.java</file>
            <file>file:/C:/Users/HP/OneDrive/Escritorio/ReservaSantander-V3/src/Interfaces_Recepcionista/Principal_Hotel.java</file>
            <file>file:/C:/Users/HP/OneDrive/Escritorio/ReservaSantander-V3/src/Clases/gestionClientes.java</file>
            <file>file:/C:/Users/HP/OneDrive/Escritorio/ReservaSantander-V3/src/Interfaces_Admin/GestionAdmin.java</file>
            <file>file:/C:/Users/HP/OneDrive/Escritorio/ReservaSantander-V3/src/Interfaces_Recepcionista/Login.java</file>
            <file>file:/C:/Users/HP/OneDrive/Escritorio/ReservaSantander-V3/src/BD_Facturas/crearPDF.java</file>
            <file>file:/C:/Users/HP/OneDrive/Escritorio/ReservaSantander-V3/src/Clases/gestionRecepcionistas.java</file>
            <file>file:/C:/Users/HP/OneDrive/Escritorio/ReservaSantander-V3/src/Interfaces_Recepcionista/Disponibilidad.java</file>
        </group>
    </open-files>
</project-private>
