<?xml version="1.0" encoding="UTF-8"?>
<project-private xmlns="http://www.netbeans.org/ns/project-private/1">
    <editor-bookmarks xmlns="http://www.netbeans.org/ns/editor-bookmarks/2" lastBookmarkId="0"/>
    <open-files xmlns="http://www.netbeans.org/ns/projectui-open-files/2">
        <group>
            <file>file:/C:/Users/HP/OneDrive/Escritorio/Nueva%20carpeta/ReservaSantander-V6/src/Interfaces_Admin/codeAdmin.java</file>
            <file>file:/C:/Users/HP/OneDrive/Escritorio/Nueva%20carpeta/ReservaSantander-V6/src/Clases/agregarDatosFa.java</file>
            <file>file:/C:/Users/HP/OneDrive/Escritorio/Nueva%20carpeta/ReservaSantander-V6/src/Clases/gestionRecepcionistas.java</file>
            <file>file:/C:/Users/HP/OneDrive/Escritorio/Nueva%20carpeta/ReservaSantander-V6/src/BD_Facturas/crearPDFProforma.java</file>
            <file>file:/C:/Users/HP/OneDrive/Escritorio/Nueva%20carpeta/ReservaSantander-V6/src/Interfaces_Recepcionista/Limpieza.java</file>
            <file>file:/C:/Users/HP/OneDrive/Escritorio/Nueva%20carpeta/ReservaSantander-V6/src/Clases/agregarDatosProforma.java</file>
            <file>file:/C:/Users/HP/OneDrive/Escritorio/Nueva%20carpeta/ReservaSantander-V6/src/Interfaces_Recepcionista/Proforma.java</file>
            <file>file:/C:/Users/HP/OneDrive/Escritorio/Nueva%20carpeta/ReservaSantander-V6/src/Interfaces_Recepcionista/Login.java</file>
            <file>file:/C:/Users/HP/OneDrive/Escritorio/Nueva%20carpeta/ReservaSantander-V6/src/Interfaces_Recepcionista/CheckOut.java</file>
            <file>file:/C:/Users/HP/OneDrive/Escritorio/Nueva%20carpeta/ReservaSantander-V6/src/Interfaces_Recepcionista/Disponibilidad.java</file>
            <file>file:/C:/Users/HP/OneDrive/Escritorio/Nueva%20carpeta/ReservaSantander-V6/src/Clases/validCode.java</file>
            <file>file:/C:/Users/HP/OneDrive/Escritorio/Nueva%20carpeta/ReservaSantander-V6/src/BD_Facturas/conexionBD.java</file>
            <file>file:/C:/Users/HP/OneDrive/Escritorio/Nueva%20carpeta/ReservaSantander-V6/src/Interfaces_Admin/GestionAdmin.java</file>
            <file>file:/C:/Users/HP/OneDrive/Escritorio/Nueva%20carpeta/ReservaSantander-V6/src/Clases/login.java</file>
            <file>file:/C:/Users/HP/OneDrive/Escritorio/Nueva%20carpeta/ReservaSantander-V6/src/BD_Facturas/conectMongo.java</file>
            <file>file:/C:/Users/HP/OneDrive/Escritorio/Nueva%20carpeta/ReservaSantander-V6/src/Clases/ReservaSantander.java</file>
            <file>file:/C:/Users/HP/OneDrive/Escritorio/Nueva%20carpeta/ReservaSantander-V6/src/Clases/gestionClientes.java</file>
        </group>
    </open-files>
</project-private>
